"Date","Price","Open","High","Low","Vol.","Change %"
"Aug 31, 2018","77.42","77.53","77.79","77.00","25.83K","-0.45%"
"Aug 30, 2018","77.77","77.33","78.03","77.18","90.22K","0.82%"
"Aug 29, 2018","77.14","75.99","77.42","75.67","130.44K","1.57%"
"Aug 28, 2018","75.95","76.34","76.97","75.73","179.66K","-0.34%"
"Aug 27, 2018","76.21","75.54","76.34","75.39","101.08K","0.51%"
"Aug 24, 2018","75.82","74.73","76.42","74.68","235.09K","1.46%"
"Aug 23, 2018","74.73","74.72","74.87","74.21","199.66K","-0.07%"
"Aug 22, 2018","74.78","72.76","75.00","72.70","300.69K","2.96%"
"Aug 21, 2018","72.63","72.15","72.95","72.05","201.24K","0.58%"
"Aug 20, 2018","72.21","71.77","72.75","71.42","249.10K","0.53%"
"Aug 17, 2018","71.83","71.35","72.49","71.25","217.16K","0.56%"
"Aug 16, 2018","71.43","70.65","71.52","70.40","227.20K","0.95%"
"Aug 15, 2018","70.76","72.22","72.44","70.30","298.11K","-2.35%"
"Aug 14, 2018","72.46","72.82","73.93","72.16","242.75K","-0.21%"
"Aug 13, 2018","72.61","73.00","73.09","71.04","220.34K","-0.27%"
"Aug 10, 2018","72.81","71.97","73.14","71.40","228.74K","1.03%"
"Aug 09, 2018","72.07","72.16","72.89","71.86","197.06K","-0.29%"
"Aug 08, 2018","72.28","74.64","74.87","71.65","269.51K","-3.17%"
"Aug 07, 2018","74.65","73.61","74.90","73.57","228.99K","1.22%"
"Aug 06, 2018","73.75","73.21","74.47","73.08","200.58K","0.74%"
"Aug 03, 2018","73.21","73.37","73.73","72.48","175.36K","-0.33%"
"Aug 02, 2018","73.45","72.42","73.75","71.84","226.45K","1.46%"
"Aug 01, 2018","72.39","74.07","74.12","72.13","284.02K","-2.51%"
"Jul 31, 2018","74.25","74.93","75.10","74.14","21.88K","-0.96%"
"Jul 30, 2018","74.97","74.31","75.27","74.14","81.03K","0.92%"
"Jul 27, 2018","74.29","74.50","74.85","73.83","119.34K","-0.34%"
"Jul 26, 2018","74.54","74.37","74.83","73.77","183.35K","0.83%"
"Jul 25, 2018","73.93","73.70","74.60","73.07","210.87K","0.67%"
"Jul 24, 2018","73.44","72.91","74.00","72.68","215.15K","0.52%"
"Jul 23, 2018","73.06","73.22","74.50","72.52","316.98K","-0.01%"
"Jul 20, 2018","73.07","72.65","73.47","72.26","231.51K","0.68%"
"Jul 19, 2018","72.58","73.06","73.79","71.83","313.81K","-0.44%"
"Jul 18, 2018","72.90","71.74","73.28","71.19","287.11K","1.03%"
"Jul 17, 2018","72.16","72.01","72.78","71.35","286.44K","0.45%"
"Jul 16, 2018","71.84","74.92","75.37","71.52","330.00K","-4.63%"
"Jul 13, 2018","75.33","74.34","75.93","73.22","302.43K","1.18%"
"Jul 12, 2018","74.45","74.17","75.10","72.67","416.41K","1.43%"
"Jul 11, 2018","73.40","78.78","78.83","73.04","560.84K","-6.92%"
"Jul 10, 2018","78.86","78.25","79.51","78.15","261.55K","1.01%"
"Jul 09, 2018","78.07","77.21","78.31","77.04","212.19K","1.24%"
"Jul 06, 2018","77.11","77.57","77.68","76.36","315.28K","-0.36%"
"Jul 05, 2018","77.39","78.14","78.50","77.30","254.02K","-1.09%"
"Jul 04, 2018","78.24","77.89","78.28","77.61","97.25K","0.62%"
"Jul 03, 2018","77.76","77.40","78.55","76.67","273.46K","0.60%"
"Jul 02, 2018","77.30","78.55","78.95","77.16","265.38K","-2.69%"
"Jun 29, 2018","79.44","77.79","79.70","77.45","17.12K","2.04%"
"Jun 28, 2018","77.85","77.50","78.42","77.09","144.22K","0.30%"
"Jun 27, 2018","77.62","76.54","78.16","76.28","166.19K","1.72%"
"Jun 26, 2018","76.31","74.74","76.72","74.13","289.47K","2.11%"
"Jun 25, 2018","74.73","74.80","75.13","73.74","274.38K","-1.09%"
"Jun 22, 2018","75.55","73.24","75.83","73.24","377.39K","3.42%"
"Jun 21, 2018","73.05","74.46","74.69","72.93","411.81K","-2.26%"
"Jun 20, 2018","74.74","75.20","75.86","74.10","368.84K","-0.45%"
"Jun 19, 2018","75.08","75.24","75.55","74.45","290.59K","-0.35%"
"Jun 18, 2018","75.34","73.06","75.49","72.45","316.12K","2.59%"
"Jun 15, 2018","73.44","75.98","76.06","73.00","285.80K","-3.29%"
"Jun 14, 2018","75.94","76.56","76.92","75.76","279.21K","-1.04%"
"Jun 13, 2018","76.74","75.40","76.87","75.26","292.47K","1.13%"
"Jun 12, 2018","75.88","76.50","77.07","75.43","260.33K","-0.76%"
"Jun 11, 2018","76.46","76.30","76.84","75.52","231.28K","0.00%"
"Jun 08, 2018","76.46","77.39","77.61","76.12","251.83K","-1.11%"
"Jun 07, 2018","77.32","75.88","77.45","75.44","327.98K","2.60%"
"Jun 06, 2018","75.36","75.19","76.25","74.46","365.65K","-0.03%"
"Jun 05, 2018","75.38","75.40","75.74","73.81","400.85K","0.12%"
"Jun 04, 2018","75.29","76.66","76.95","75.20","324.29K","-1.95%"
"Jun 01, 2018","76.79","77.71","77.95","76.35","296.57K","-1.03%"
"May 31, 2018","77.59","77.37","78.75","77.04","21.44K","0.12%"
"May 30, 2018","77.50","75.37","77.73","74.81","125.33K","2.80%"
"May 29, 2018","75.39","75.82","76.20","74.54","114.46K","0.12%"
"May 28, 2018","75.30","76.11","76.17","74.49","65.10K","-1.49%"
"May 25, 2018","76.44","78.82","78.88","76.01","275.72K","-2.98%"
"May 24, 2018","78.79","79.65","79.78","78.57","228.58K","-1.27%"
"May 23, 2018","79.80","79.47","79.85","78.21","292.97K","0.29%"
"May 22, 2018","79.57","79.36","80.49","79.16","305.31K","0.44%"
"May 21, 2018","79.22","78.61","79.59","78.10","245.77K","0.90%"
"May 18, 2018","78.51","79.46","79.87","78.33","277.28K","-1.00%"
"May 17, 2018","79.30","79.26","80.50","79.12","330.17K","0.03%"
"May 16, 2018","79.28","78.10","79.35","77.61","336.57K","1.08%"
"May 15, 2018","78.43","78.42","79.47","77.90","390.92K","0.26%"
"May 14, 2018","78.23","77.05","78.53","76.55","290.13K","1.44%"
"May 11, 2018","77.12","77.55","77.60","76.95","261.80K","-0.45%"
"May 10, 2018","77.47","77.44","78.00","76.51","314.19K","0.34%"
"May 09, 2018","77.21","76.19","77.43","76.08","364.75K","3.15%"
"May 08, 2018","74.85","75.60","76.18","73.10","519.80K","-1.73%"
"May 07, 2018","76.17","75.00","76.34","74.83","230.47K","1.74%"
"May 04, 2018","74.87","73.74","75.08","73.24","289.86K","1.70%"
"May 03, 2018","73.62","73.07","74.09","72.47","382.14K","0.35%"
"May 02, 2018","73.36","73.28","73.63","72.38","347.06K","0.31%"
"May 01, 2018","73.13","74.65","74.98","72.74","360.97K","-2.71%"
"Apr 30, 2018","75.17","74.62","75.41","73.47","24.76K","0.71%"
"Apr 27, 2018","74.64","74.72","75.03","74.35","156.53K","-0.13%"
"Apr 26, 2018","74.74","74.23","74.97","74.11","179.48K","1.00%"
"Apr 25, 2018","74.00","74.00","74.19","73.17","275.13K","0.19%"
"Apr 24, 2018","73.86","75.09","75.47","73.68","330.60K","-1.14%"
"Apr 23, 2018","74.71","73.77","75.10","73.13","317.45K","0.88%"
"Apr 20, 2018","74.06","73.94","74.20","72.83","371.90K","0.38%"
"Apr 19, 2018","73.78","73.72","74.75","73.46","393.96K","0.41%"
"Apr 18, 2018","73.48","71.72","73.93","71.66","352.65K","2.65%"
"Apr 17, 2018","71.58","71.65","71.89","70.83","315.04K","0.22%"
"Apr 16, 2018","71.42","72.70","72.85","71.11","297.44K","-1.60%"
"Apr 13, 2018","72.58","71.94","72.88","71.56","328.50K","0.78%"
"Apr 12, 2018","72.02","72.09","72.49","71.10","330.21K","-0.06%"
"Apr 11, 2018","72.06","71.03","73.09","70.57","495.41K","1.44%"
"Apr 10, 2018","71.04","68.46","71.34","68.46","452.34K","3.48%"
"Apr 09, 2018","68.65","67.10","68.80","67.00","257.50K","2.29%"
"Apr 06, 2018","67.11","68.09","68.62","66.86","296.09K","-1.79%"
"Apr 05, 2018","68.33","68.36","68.93","67.73","270.82K","0.46%"
"Apr 04, 2018","68.02","68.15","68.28","66.69","361.48K","-0.15%"
"Apr 03, 2018","68.12","67.63","68.46","67.62","232.26K","0.71%"
"Apr 02, 2018","67.64","69.32","70.04","67.49","190.05K","-3.74%"
"Mar 29, 2018","70.27","69.86","70.44","69.10","25.29K","1.06%"
"Mar 28, 2018","69.53","69.72","70.25","68.78","141.89K","-0.83%"
"Mar 27, 2018","70.11","70.13","71.03","69.45","131.39K","-0.01%"
"Mar 26, 2018","70.12","70.43","71.05","69.67","183.69K","-0.47%"
"Mar 23, 2018","70.45","69.11","70.57","68.87","283.01K","2.23%"
"Mar 22, 2018","68.91","69.63","69.70","68.58","286.63K","-0.81%"
"Mar 21, 2018","69.47","67.61","69.86","67.48","401.05K","3.04%"
"Mar 20, 2018","67.42","66.15","67.88","66.15","326.47K","2.07%"
"Mar 19, 2018","66.05","66.01","66.39","65.39","272.42K","-0.24%"
"Mar 16, 2018","66.21","65.07","66.42","64.88","264.21K","1.67%"
"Mar 15, 2018","65.12","64.90","65.38","64.61","208.59K","0.35%"
"Mar 14, 2018","64.89","64.73","65.21","64.06","267.59K","0.39%"
"Mar 13, 2018","64.64","64.92","65.68","64.05","320.57K","-0.48%"
"Mar 12, 2018","64.95","65.50","65.86","64.18","240.03K","-0.82%"
"Mar 09, 2018","65.49","63.93","65.63","63.69","286.49K","2.96%"
"Mar 08, 2018","63.61","64.51","64.56","63.43","294.79K","-1.13%"
"Mar 07, 2018","64.34","65.23","65.80","63.83","332.91K","-2.20%"
"Mar 06, 2018","65.79","65.74","66.16","65.30","199.79K","0.38%"
"Mar 05, 2018","65.54","64.65","65.88","64.10","261.06K","1.82%"
"Mar 02, 2018","64.37","64.07","64.64","63.20","266.38K","0.85%"
"Mar 01, 2018","63.83","64.57","65.04","63.19","340.97K","-2.96%"
"Feb 28, 2018","65.78","66.41","66.87","65.43","27.39K","-1.28%"
"Feb 27, 2018","66.63","67.57","67.61","66.32","106.34K","-1.29%"
"Feb 26, 2018","67.50","67.29","67.90","66.72","188.30K","0.28%"
"Feb 23, 2018","67.31","66.30","67.37","65.79","201.72K","1.39%"
"Feb 22, 2018","66.39","64.91","66.56","64.62","253.00K","1.48%"
"Feb 21, 2018","65.42","65.05","65.53","64.40","245.87K","0.26%"
"Feb 20, 2018","65.25","65.64","65.81","64.78","289.17K","-0.64%"
"Feb 19, 2018","65.67","64.96","65.90","64.84","125.63K","1.28%"
"Feb 16, 2018","64.84","64.66","65.22","64.19","239.58K","0.79%"
"Feb 15, 2018","64.33","64.44","65.15","63.12","292.91K","-0.05%"
"Feb 14, 2018","64.36","62.84","64.58","61.95","349.10K","2.61%"
"Feb 13, 2018","62.72","62.85","63.10","61.76","367.26K","0.21%"
"Feb 12, 2018","62.59","62.50","64.40","62.50","349.67K","-0.32%"
"Feb 09, 2018","62.79","64.44","64.64","61.77","399.50K","-3.12%"
"Feb 08, 2018","64.81","65.28","65.60","64.10","346.32K","-1.07%"
"Feb 07, 2018","65.51","67.20","67.72","65.16","567.76K","-2.02%"
"Feb 06, 2018","66.86","67.02","67.60","66.53","328.85K","-1.12%"
"Feb 05, 2018","67.62","68.15","68.46","66.90","335.64K","-1.40%"
"Feb 02, 2018","68.58","70.00","70.02","67.96","307.13K","-1.54%"
"Feb 01, 2018","69.65","69.00","69.97","68.81","336.92K","0.87%"
"Jan 31, 2018","69.05","68.43","69.15","68.33","20.43K","0.04%"
"Jan 30, 2018","69.02","69.30","69.39","68.40","135.87K","-0.63%"
"Jan 29, 2018","69.46","70.47","70.64","69.07","202.24K","-1.50%"
"Jan 26, 2018","70.52","70.07","70.83","70.05","227.60K","0.14%"
"Jan 25, 2018","70.42","70.95","71.28","69.97","301.93K","-0.16%"
"Jan 24, 2018","70.53","69.97","70.94","69.54","308.37K","0.81%"
"Jan 23, 2018","69.96","69.17","70.24","69.12","343.73K","1.35%"
"Jan 22, 2018","69.03","68.80","69.51","68.39","250.60K","0.61%"
"Jan 19, 2018","68.61","69.01","69.08","68.28","278.36K","-1.01%"
"Jan 18, 2018","69.31","69.53","69.63","68.80","270.23K","-0.10%"
"Jan 17, 2018","69.38","69.35","69.59","68.55","280.42K","0.33%"
"Jan 16, 2018","69.15","70.05","70.13","68.83","322.95K","-1.58%"
"Jan 15, 2018","70.26","69.88","70.37","69.55","173.46K","0.56%"
"Jan 12, 2018","69.87","69.15","69.93","68.59","302.10K","0.88%"
"Jan 11, 2018","69.26","69.15","70.05","69.00","341.94K","0.09%"
"Jan 10, 2018","69.20","69.12","69.37","68.75","290.54K","0.55%"
"Jan 09, 2018","68.82","68.00","69.29","67.70","319.92K","1.53%"
"Jan 08, 2018","67.78","67.80","67.99","67.44","210.35K","0.24%"
"Jan 05, 2018","67.62","67.97","68.11","67.26","183.45K","-0.66%"
"Jan 04, 2018","68.07","67.89","68.27","67.62","246.15K","0.34%"
"Jan 03, 2018","67.84","66.54","68.03","66.40","260.86K","1.91%"
"Jan 02, 2018","66.57","66.55","67.29","66.24","211.74K","-0.45%"
"Dec 29, 2017","66.87","66.15","66.98","66.15","157.95K","0.22%"
"Dec 28, 2017","66.72","66.43","66.85","66.23","35.09K","0.42%"
"Dec 27, 2017","66.44","66.76","66.94","66.03","122.43K","-0.87%"
"Dec 26, 2017","67.02","65.20","67.10","65.00","74.25K","2.71%"
"Dec 22, 2017","65.25","64.63","65.28","64.38","110.42K","0.54%"
"Dec 21, 2017","64.90","64.49","64.93","64.20","155.42K","0.53%"
"Dec 20, 2017","64.56","63.83","64.60","63.67","222.73K","1.19%"
"Dec 19, 2017","63.80","63.41","63.91","63.30","213.19K","0.62%"
"Dec 18, 2017","63.41","63.36","63.91","63.00","234.62K","0.28%"
"Dec 15, 2017","63.23","63.39","63.68","63.08","213.00K","-0.13%"
"Dec 14, 2017","63.31","62.81","63.50","62.01","277.67K","1.39%"
"Dec 13, 2017","62.44","63.80","64.32","62.36","354.37K","-1.42%"
"Dec 12, 2017","63.34","64.66","65.83","63.07","508.99K","-2.09%"
"Dec 11, 2017","64.69","63.29","64.93","62.99","488.01K","2.03%"
"Dec 08, 2017","63.40","62.08","63.64","62.01","362.43K","1.93%"
"Dec 07, 2017","62.20","61.30","62.26","61.15","238.96K","1.60%"
"Dec 06, 2017","61.22","62.64","62.93","61.13","314.26K","-2.61%"
"Dec 05, 2017","62.86","62.45","63.15","62.12","219.34K","0.66%"
"Dec 04, 2017","62.45","63.50","63.68","62.31","250.52K","-2.01%"
"Dec 01, 2017","63.73","62.74","64.32","62.59","308.15K","0.25%"
"Nov 30, 2017","63.57","63.28","64.21","63.21","26.21K","0.73%"
"Nov 29, 2017","63.11","63.30","64.07","62.50","178.20K","-0.79%"
"Nov 28, 2017","63.61","63.78","63.89","63.10","186.93K","-0.36%"
"Nov 27, 2017","63.84","63.80","63.99","63.10","249.09K","-0.03%"
"Nov 24, 2017","63.86","63.35","63.95","63.28","152.70K","0.49%"
"Nov 23, 2017","63.55","63.24","63.57","62.88","113.08K","0.36%"
"Nov 22, 2017","63.32","62.78","63.43","62.62","322.87K","1.20%"
"Nov 21, 2017","62.57","62.10","62.87","62.07","338.16K","0.56%"
"Nov 20, 2017","62.22","62.80","62.80","61.44","283.48K","-0.80%"
"Nov 17, 2017","62.72","61.41","62.92","61.08","356.74K","2.22%"
"Nov 16, 2017","61.36","61.88","62.15","61.25","314.06K","-0.82%"
"Nov 15, 2017","61.87","61.55","62.13","61.30","279.41K","-0.55%"
"Nov 14, 2017","62.21","63.06","63.17","61.21","418.94K","-1.50%"
"Nov 13, 2017","63.16","63.68","63.77","62.61","335.15K","-0.57%"
"Nov 10, 2017","63.52","63.80","64.27","63.35","307.97K","-0.64%"
"Nov 09, 2017","63.93","63.52","64.25","63.26","319.86K","0.69%"
"Nov 08, 2017","63.49","63.69","64.64","62.95","418.07K","-0.31%"
"Nov 07, 2017","63.69","64.12","64.65","63.50","389.46K","-0.90%"
"Nov 06, 2017","64.27","62.27","64.44","62.08","356.99K","3.54%"
"Nov 03, 2017","62.07","60.88","62.23","60.60","272.74K","2.39%"
"Nov 02, 2017","60.62","60.50","60.86","60.02","289.30K","0.21%"
"Nov 01, 2017","60.49","61.07","61.70","60.00","337.76K","-1.43%"
"Oct 31, 2017","61.37","60.86","61.41","60.53","29.12K","0.77%"
"Oct 30, 2017","60.90","60.66","61.00","60.14","168.54K","0.76%"
"Oct 27, 2017","60.44","59.37","60.65","58.82","209.89K","1.92%"
"Oct 26, 2017","59.30","58.42","59.55","58.05","232.28K","1.47%"
"Oct 25, 2017","58.44","58.44","58.74","57.85","260.55K","0.19%"
"Oct 24, 2017","58.33","57.41","58.57","57.04","334.68K","1.67%"
"Oct 23, 2017","57.37","57.95","58.05","57.27","353.07K","-0.66%"
"Oct 20, 2017","57.75","57.32","57.94","56.60","369.89K","0.91%"
"Oct 19, 2017","57.23","58.24","58.30","57.02","430.67K","-1.58%"
"Oct 18, 2017","58.15","58.16","58.54","57.74","329.33K","0.47%"
"Oct 17, 2017","57.88","57.78","58.35","57.18","405.22K","0.10%"
"Oct 16, 2017","57.82","57.28","58.47","57.12","341.78K","1.14%"
"Oct 13, 2017","57.17","56.44","57.57","56.34","332.60K","1.64%"
"Oct 12, 2017","56.25","56.74","56.83","55.88","339.53K","-1.21%"
"Oct 11, 2017","56.94","56.56","57.09","56.14","310.14K","0.58%"
"Oct 10, 2017","56.61","55.78","56.91","55.73","290.34K","1.47%"
"Oct 09, 2017","55.79","55.50","55.98","55.06","301.15K","0.31%"
"Oct 06, 2017","55.62","56.99","57.28","55.13","395.65K","-2.42%"
"Oct 05, 2017","57.00","55.77","57.24","55.70","379.30K","2.15%"
"Oct 04, 2017","55.80","55.67","56.20","55.38","330.85K","-0.36%"
"Oct 03, 2017","56.00","56.10","56.40","55.70","275.42K","-0.21%"
"Oct 02, 2017","56.12","56.73","56.76","55.50","352.05K","-2.47%"
"Sep 29, 2017","57.54","57.60","57.80","57.14","24.02K","0.23%"
"Sep 28, 2017","57.41","57.70","58.65","56.85","117.89K","-0.85%"
"Sep 27, 2017","57.90","58.57","58.89","57.57","142.87K","-0.92%"
"Sep 26, 2017","58.44","59.05","59.49","57.77","214.73K","-0.98%"
"Sep 25, 2017","59.02","56.87","59.25","56.70","224.94K","3.80%"
"Sep 22, 2017","56.86","56.50","56.91","56.22","208.36K","0.76%"
"Sep 21, 2017","56.43","56.17","56.53","55.76","251.62K","0.25%"
"Sep 20, 2017","56.29","55.35","56.48","55.26","295.65K","2.09%"
"Sep 19, 2017","55.14","55.48","55.89","54.89","221.76K","-0.61%"
"Sep 18, 2017","55.48","55.59","55.95","54.82","278.12K","-0.25%"
"Sep 15, 2017","55.62","55.29","55.85","54.86","271.07K","0.27%"
"Sep 14, 2017","55.47","55.02","55.99","54.93","327.35K","0.56%"
"Sep 13, 2017","55.16","54.18","55.21","54.03","291.47K","1.64%"
"Sep 12, 2017","54.27","53.77","54.44","53.42","279.34K","0.80%"
"Sep 11, 2017","53.84","53.82","54.14","53.04","276.43K","0.11%"
"Sep 08, 2017","53.78","54.54","54.87","53.57","307.45K","-1.30%"
"Sep 07, 2017","54.49","54.13","54.67","53.89","306.72K","0.54%"
"Sep 06, 2017","54.20","53.16","54.31","53.09","322.60K","1.54%"
"Sep 05, 2017","53.38","52.30","53.66","52.09","300.78K","1.99%"
"Sep 04, 2017","52.34","52.85","52.85","51.99","121.54K","-0.78%"
"Sep 01, 2017","52.75","52.84","52.95","52.24","262.20K","0.71%"
"Aug 31, 2017","52.38","50.58","52.43","50.56","33.50K","2.99%"
"Aug 30, 2017","50.86","51.97","52.01","50.58","152.59K","-2.19%"
"Aug 29, 2017","52.00","52.04","52.19","51.36","139.97K","0.21%"
"Aug 28, 2017","51.89","52.38","52.84","51.52","141.58K","-0.99%"
"Aug 25, 2017","52.41","52.30","52.68","51.93","218.09K","0.71%"
"Aug 24, 2017","52.04","52.55","52.71","51.61","255.76K","-1.01%"
"Aug 23, 2017","52.57","51.68","52.63","51.45","287.20K","1.35%"
"Aug 22, 2017","51.87","51.78","52.28","51.39","313.92K","0.41%"
"Aug 21, 2017","51.66","53.00","53.00","51.30","271.57K","-2.01%"
"Aug 18, 2017","52.72","50.89","52.96","50.78","317.44K","3.31%"
"Aug 17, 2017","51.03","50.40","51.12","50.00","334.30K","1.51%"
"Aug 16, 2017","50.27","50.98","51.40","50.15","305.55K","-1.04%"
"Aug 15, 2017","50.80","50.65","51.15","50.02","334.16K","0.14%"
"Aug 14, 2017","50.73","52.02","52.38","50.55","281.57K","-2.63%"
"Aug 11, 2017","52.10","51.94","52.28","51.30","245.31K","0.39%"
"Aug 10, 2017","51.90","52.72","53.64","51.67","450.28K","-1.52%"
"Aug 09, 2017","52.70","51.99","52.85","51.81","265.61K","1.07%"
"Aug 08, 2017","52.14","52.24","52.73","51.82","235.16K","-0.44%"
"Aug 07, 2017","52.37","52.39","52.53","51.37","260.94K","-0.10%"
"Aug 04, 2017","52.42","51.97","52.52","51.43","278.78K","0.79%"
"Aug 03, 2017","52.01","52.24","52.89","51.77","402.66K","-0.67%"
"Aug 02, 2017","52.36","51.38","52.43","51.18","406.42K","1.12%"
"Aug 01, 2017","51.78","52.70","52.93","50.88","392.64K","-1.65%"
"Jul 31, 2017","52.65","52.60","52.92","52.20","25.54K","0.25%"
"Jul 28, 2017","52.52","51.60","52.70","51.31","159.15K","2.00%"
"Jul 27, 2017","51.49","50.86","51.64","50.50","184.43K","1.02%"
"Jul 26, 2017","50.97","50.63","51.06","50.07","258.95K","1.53%"
"Jul 25, 2017","50.20","48.64","50.91","48.63","284.29K","3.29%"
"Jul 24, 2017","48.60","47.96","48.77","47.68","287.93K","1.12%"
"Jul 21, 2017","48.06","49.33","49.65","47.81","338.35K","-2.52%"
"Jul 20, 2017","49.30","49.65","50.19","49.19","315.34K","-0.80%"
"Jul 19, 2017","49.70","48.70","49.81","48.58","300.37K","1.76%"
"Jul 18, 2017","48.84","48.40","49.41","48.24","251.50K","0.87%"
"Jul 17, 2017","48.42","49.14","49.26","48.31","227.42K","-1.00%"
"Jul 14, 2017","48.91","48.37","49.11","48.15","295.66K","1.01%"
"Jul 13, 2017","48.42","47.70","48.53","47.18","262.63K","1.42%"
"Jul 12, 2017","47.74","48.21","48.79","47.35","333.70K","0.46%"
"Jul 11, 2017","47.52","46.99","48.21","46.29","283.39K","1.37%"
"Jul 10, 2017","46.88","46.84","47.38","46.11","268.90K","0.36%"
"Jul 07, 2017","46.71","47.76","47.76","46.28","302.32K","-2.91%"
"Jul 06, 2017","48.11","48.28","49.18","47.77","308.26K","0.67%"
"Jul 05, 2017","47.79","49.67","49.84","47.00","372.98K","-3.67%"
"Jul 04, 2017","49.61","49.63","49.90","49.29","129.57K","-0.14%"
"Jul 03, 2017","49.68","48.95","49.71","48.54","244.52K","3.67%"
"Jun 30, 2017","47.92","47.46","48.12","47.46","26.18K","1.05%"
"Jun 29, 2017","47.42","47.39","48.03","47.14","179.56K","0.23%"
"Jun 28, 2017","47.31","46.25","47.47","46.25","162.58K","1.41%"
"Jun 27, 2017","46.65","45.85","47.06","45.79","263.26K","1.79%"
"Jun 26, 2017","45.83","45.63","46.24","45.04","203.22K","0.64%"
"Jun 23, 2017","45.54","45.28","45.75","45.03","252.26K","0.71%"
"Jun 22, 2017","45.22","44.81","45.79","44.53","346.76K","0.89%"
"Jun 21, 2017","44.82","45.89","46.63","44.35","389.71K","-2.61%"
"Jun 20, 2017","46.02","46.96","47.23","45.42","343.46K","-1.90%"
"Jun 19, 2017","46.91","47.21","47.76","46.77","261.49K","-0.97%"
"Jun 16, 2017","47.37","46.82","47.61","46.81","227.42K","0.96%"
"Jun 15, 2017","46.92","46.80","47.20","46.70","301.40K","-0.17%"
"Jun 14, 2017","47.00","48.18","48.69","46.74","464.42K","-3.53%"
"Jun 13, 2017","48.72","48.32","48.82","47.87","321.28K","0.89%"
"Jun 12, 2017","48.29","48.06","49.15","48.01","316.56K","0.29%"
"Jun 09, 2017","48.15","47.79","48.56","47.40","285.82K","0.61%"
"Jun 08, 2017","47.86","48.26","48.60","47.56","445.97K","-0.42%"
"Jun 07, 2017","48.06","49.97","50.14","47.96","461.75K","-4.11%"
"Jun 06, 2017","50.12","49.57","50.30","49.00","329.71K","1.31%"
"Jun 05, 2017","49.47","49.87","50.74","49.04","348.41K","-0.96%"
"Jun 02, 2017","49.95","50.23","50.52","48.95","451.46K","-1.34%"
"Jun 01, 2017","50.63","51.17","51.45","50.23","462.92K","0.64%"
"May 31, 2017","50.31","51.92","51.92","49.81","41.68K","-2.95%"
"May 30, 2017","51.84","52.25","52.35","51.19","137.21K","-0.86%"
"May 29, 2017","52.29","52.24","52.61","51.86","36.59K","0.27%"
"May 26, 2017","52.15","51.38","52.30","50.71","265.83K","1.34%"
"May 25, 2017","51.46","54.15","54.67","51.03","464.50K","-4.63%"
"May 24, 2017","53.96","54.14","54.62","53.66","351.64K","-0.35%"
"May 23, 2017","54.15","53.87","54.43","53.20","328.33K","0.52%"
"May 22, 2017","53.87","53.85","54.37","53.66","379.12K","0.48%"
"May 19, 2017","53.61","52.57","53.82","52.55","333.27K","2.09%"
"May 18, 2017","52.51","52.19","52.74","51.11","363.69K","0.57%"
"May 17, 2017","52.21","51.20","52.61","51.04","331.36K","1.08%"
"May 16, 2017","51.65","51.88","52.36","51.10","340.96K","-0.33%"
"May 15, 2017","51.82","50.89","52.63","50.74","331.42K","1.93%"
"May 12, 2017","50.84","50.76","51.09","50.33","304.76K","0.14%"
"May 11, 2017","50.77","50.28","51.16","50.25","315.59K","1.10%"
"May 10, 2017","50.22","48.95","50.63","48.81","368.11K","3.06%"
"May 09, 2017","48.73","49.44","49.72","48.39","332.91K","-1.24%"
"May 08, 2017","49.34","49.27","49.92","48.48","400.72K","0.49%"
"May 05, 2017","49.10","48.45","49.63","46.64","530.44K","1.49%"
"May 04, 2017","48.38","50.59","50.73","48.16","541.58K","-4.75%"
"May 03, 2017","50.79","50.99","51.14","50.20","357.19K","0.65%"
"May 02, 2017","50.46","51.39","52.16","50.14","364.06K","-2.06%"
"May 01, 2017","51.52","51.88","51.97","51.22","121.53K","-0.41%"
"Apr 28, 2017","51.73","51.58","52.12","51.31","23.20K","0.56%"
"Apr 27, 2017","51.44","51.57","51.76","50.45","187.13K","-0.73%"
"Apr 26, 2017","51.82","51.81","52.46","51.38","206.56K","-0.54%"
"Apr 25, 2017","52.10","51.60","52.39","51.30","272.76K","0.97%"
"Apr 24, 2017","51.60","52.11","52.57","51.42","267.28K","-0.69%"
"Apr 21, 2017","51.96","53.00","53.29","51.57","348.48K","-1.94%"
"Apr 20, 2017","52.99","53.09","53.55","52.68","401.85K","0.11%"
"Apr 19, 2017","52.93","54.78","55.20","52.58","435.41K","-3.57%"
"Apr 18, 2017","54.89","55.39","55.48","54.61","373.10K","-0.85%"
"Apr 17, 2017","55.36","55.55","55.98","55.29","158.97K","-0.95%"
"Apr 13, 2017","55.89","55.66","56.06","55.56","325.31K","0.05%"
"Apr 12, 2017","55.86","56.28","56.65","55.50","373.53K","-0.66%"
"Apr 11, 2017","56.23","56.08","56.30","55.45","340.42K","0.45%"
"Apr 10, 2017","55.98","55.19","56.05","55.19","298.90K","1.34%"
"Apr 07, 2017","55.24","54.88","56.08","54.57","317.78K","0.64%"
"Apr 06, 2017","54.89","54.13","55.00","54.02","239.47K","0.97%"
"Apr 05, 2017","54.36","54.22","55.09","53.97","353.02K","0.35%"
"Apr 04, 2017","54.17","53.18","54.38","52.73","302.11K","1.98%"
"Apr 03, 2017","53.12","53.62","53.74","53.03","241.75K","0.55%"
"Mar 31, 2017","52.83","52.83","53.45","52.35","27.46K","-0.25%"
"Mar 30, 2017","52.96","52.39","53.10","52.03","128.55K","1.03%"
"Mar 29, 2017","52.42","51.43","52.48","51.36","140.44K","2.12%"
"Mar 28, 2017","51.33","50.77","51.87","50.77","186.41K","1.14%"
"Mar 27, 2017","50.75","51.03","51.10","50.03","195.52K","-0.10%"
"Mar 24, 2017","50.80","50.64","51.06","50.40","215.34K","0.47%"
"Mar 23, 2017","50.56","50.83","51.10","50.25","320.21K","-0.16%"
"Mar 22, 2017","50.64","50.86","50.98","49.71","327.91K","-0.63%"
"Mar 21, 2017","50.96","51.70","52.22","50.73","291.71K","-1.28%"
"Mar 20, 2017","51.62","51.80","51.94","51.01","239.25K","-0.27%"
"Mar 17, 2017","51.76","51.74","52.18","51.53","220.35K","0.04%"
"Mar 16, 2017","51.74","52.08","52.65","51.50","281.53K","-0.14%"
"Mar 15, 2017","51.81","51.50","52.15","51.36","327.90K","1.75%"
"Mar 14, 2017","50.92","51.34","51.86","50.25","411.63K","-0.84%"
"Mar 13, 2017","51.35","51.49","51.70","50.85","276.76K","-0.04%"
"Mar 10, 2017","51.37","52.33","53.02","51.14","351.34K","-1.57%"
"Mar 09, 2017","52.19","53.49","53.86","51.50","504.12K","-1.73%"
"Mar 08, 2017","53.11","55.63","55.77","52.93","444.13K","-5.03%"
"Mar 07, 2017","55.92","55.95","56.65","55.56","269.52K","-0.16%"
"Mar 06, 2017","56.01","55.80","56.25","55.32","224.20K","0.20%"
"Mar 03, 2017","55.90","55.18","55.95","55.09","248.71K","1.49%"
"Mar 02, 2017","55.08","56.31","56.44","55.03","350.12K","-2.27%"
"Mar 01, 2017","56.36","56.45","57.05","56.24","261.74K","1.39%"
"Feb 28, 2017","55.59","56.02","56.15","55.23","28.35K","-0.61%"
"Feb 27, 2017","55.93","55.96","56.77","55.86","139.29K","-0.11%"
"Feb 24, 2017","55.99","56.40","56.66","55.74","164.96K","-1.04%"
"Feb 23, 2017","56.58","56.20","57.26","56.18","223.59K","1.33%"
"Feb 22, 2017","55.84","56.74","57.01","55.64","245.16K","-1.45%"
"Feb 21, 2017","56.66","56.17","57.31","56.10","335.44K","0.85%"
"Feb 20, 2017","56.18","55.90","56.42","55.70","209.63K","0.66%"
"Feb 17, 2017","55.81","55.73","55.88","55.10","270.49K","0.29%"
"Feb 16, 2017","55.65","55.74","56.24","55.13","310.84K","-0.18%"
"Feb 15, 2017","55.75","55.82","56.25","55.56","272.52K","-0.39%"
"Feb 14, 2017","55.97","55.75","56.46","55.53","254.98K","0.68%"
"Feb 13, 2017","55.59","56.68","56.81","55.41","234.31K","-1.96%"
"Feb 10, 2017","56.70","55.66","56.88","55.59","284.71K","1.92%"
"Feb 09, 2017","55.63","55.30","55.92","55.23","263.40K","0.93%"
"Feb 08, 2017","55.12","54.50","55.68","54.44","409.83K","0.13%"
"Feb 07, 2017","55.05","55.91","55.98","54.58","317.18K","-1.20%"
"Feb 06, 2017","55.72","56.85","57.13","55.65","252.70K","-1.92%"
"Feb 03, 2017","56.81","56.92","57.30","56.39","264.76K","0.44%"
"Feb 02, 2017","56.56","56.53","57.45","56.33","297.35K","-0.42%"
"Feb 01, 2017","56.80","55.55","56.83","55.36","301.24K","1.97%"
"Jan 31, 2017","55.70","55.25","56.00","54.90","28.80K","0.85%"
"Jan 30, 2017","55.23","55.47","55.70","54.97","104.90K","-0.52%"
"Jan 27, 2017","55.52","56.09","56.50","54.86","142.07K","-1.28%"
"Jan 26, 2017","56.24","55.39","56.55","55.21","265.72K","2.11%"
"Jan 25, 2017","55.08","55.24","55.65","54.75","275.73K","-0.65%"
"Jan 24, 2017","55.44","55.42","55.87","55.07","254.89K","0.38%"
"Jan 23, 2017","55.23","55.70","55.75","54.65","305.85K","-0.47%"
"Jan 20, 2017","55.49","54.33","55.80","54.18","293.54K","2.46%"
"Jan 19, 2017","54.16","54.29","54.77","53.90","346.87K","0.45%"
"Jan 18, 2017","53.92","55.48","55.90","53.77","360.15K","-2.79%"
"Jan 17, 2017","55.47","55.74","56.95","55.40","335.73K","-0.70%"
"Jan 16, 2017","55.86","55.64","55.92","55.19","112.58K","0.74%"
"Jan 13, 2017","55.45","56.00","56.21","55.28","247.09K","-1.00%"
"Jan 12, 2017","56.01","55.19","56.43","55.01","331.63K","1.65%"
"Jan 11, 2017","55.10","53.80","55.67","53.70","419.90K","2.72%"
"Jan 10, 2017","53.64","54.95","55.36","53.58","332.98K","-2.37%"
"Jan 09, 2017","54.94","56.81","57.00","54.74","266.39K","-3.78%"
"Jan 06, 2017","57.10","56.88","57.47","56.28","234.87K","0.37%"
"Jan 05, 2017","56.89","56.35","57.35","56.01","269.61K","0.76%"
"Jan 04, 2017","56.46","55.73","56.55","55.33","282.55K","1.78%"
"Jan 03, 2017","55.47","57.05","58.37","55.30","340.82K","-2.38%"
"Dec 30, 2016","56.82","57.00","57.20","56.46","129.10K","1.21%"
"Dec 29, 2016","56.14","56.01","56.63","55.91","49.08K","-0.14%"
"Dec 28, 2016","56.22","56.06","56.56","55.89","109.91K","0.23%"
"Dec 27, 2016","56.09","55.18","57.15","55.04","67.84K","1.69%"
"Dec 23, 2016","55.16","54.84","55.25","54.26","104.09K","0.20%"
"Dec 22, 2016","55.05","54.55","55.23","54.05","194.66K","1.08%"
"Dec 21, 2016","54.46","55.52","55.87","54.32","277.73K","-1.61%"
"Dec 20, 2016","55.35","55.02","55.92","54.75","257.02K","0.78%"
"Dec 19, 2016","54.92","55.40","55.80","54.69","228.39K","-0.53%"
"Dec 16, 2016","55.21","54.11","55.38","53.71","229.19K","2.20%"
"Dec 15, 2016","54.02","53.76","54.50","53.15","266.15K","0.22%"
"Dec 14, 2016","53.90","55.16","55.81","53.52","353.97K","-3.27%"
"Dec 13, 2016","55.72","55.70","56.44","55.13","283.43K","0.05%"
"Dec 12, 2016","55.69","55.88","57.89","55.11","372.17K","2.50%"
"Dec 09, 2016","54.33","53.97","54.46","53.77","264.80K","0.82%"
"Dec 08, 2016","53.89","53.15","54.05","52.81","334.18K","1.68%"
"Dec 07, 2016","53.00","53.94","54.23","52.92","298.57K","-1.72%"
"Dec 06, 2016","53.93","54.50","54.94","53.51","280.65K","-1.84%"
"Dec 05, 2016","54.94","54.40","55.33","53.77","288.55K","0.88%"
"Dec 02, 2016","54.46","53.88","54.50","52.84","312.78K","0.96%"
"Dec 01, 2016","53.94","51.72","54.53","51.51","460.86K","6.88%"
"Nov 30, 2016","50.47","46.54","50.49","46.51","43.12K","8.82%"
"Nov 29, 2016","46.38","48.07","48.10","45.92","133.11K","-3.86%"
"Nov 28, 2016","48.24","46.71","48.81","46.28","207.96K","2.12%"
"Nov 25, 2016","47.24","48.96","49.02","46.85","181.17K","-3.59%"
"Nov 24, 2016","49.00","49.03","49.21","48.76","71.19K","0.10%"
"Nov 23, 2016","48.95","49.20","49.50","48.56","275.29K","-0.35%"
"Nov 22, 2016","49.12","49.25","49.96","48.14","436.93K","0.45%"
"Nov 21, 2016","48.90","46.92","49.15","46.92","282.70K","4.35%"
"Nov 18, 2016","46.86","46.05","46.99","45.75","249.34K","0.80%"
"Nov 17, 2016","46.49","46.44","47.62","45.97","280.94K","-0.30%"
"Nov 16, 2016","46.63","46.88","47.56","46.25","335.48K","-0.68%"
"Nov 15, 2016","46.95","44.70","47.25","44.67","354.27K","5.67%"
"Nov 14, 2016","44.43","44.54","44.99","43.57","260.15K","-0.72%"
"Nov 11, 2016","44.75","45.80","45.89","44.19","286.71K","-2.38%"
"Nov 10, 2016","45.84","46.36","46.92","45.56","302.45K","-1.12%"
"Nov 09, 2016","46.36","46.04","46.95","44.40","448.12K","0.70%"
"Nov 08, 2016","46.04","46.30","46.69","45.60","320.98K","-0.24%"
"Nov 07, 2016","46.15","45.70","46.38","45.38","276.17K","1.25%"
"Nov 04, 2016","45.58","46.43","46.56","45.08","384.56K","-1.66%"
"Nov 03, 2016","46.35","47.15","47.52","45.99","283.66K","-1.09%"
"Nov 02, 2016","46.86","47.90","48.02","46.46","366.82K","-2.66%"
"Nov 01, 2016","48.14","48.72","49.26","47.72","462.80K","-0.33%"
"Oct 31, 2016","48.30","49.41","49.72","47.98","32.21K","-2.84%"
"Oct 28, 2016","49.71","50.41","50.58","49.31","94.84K","-1.51%"
"Oct 27, 2016","50.47","50.05","50.90","49.83","138.09K","0.98%"
"Oct 26, 2016","49.98","50.26","50.69","49.65","304.52K","-1.59%"
"Oct 25, 2016","50.79","51.44","51.83","50.22","237.73K","-1.30%"
"Oct 24, 2016","51.46","51.89","52.01","50.50","277.24K","-0.62%"
"Oct 21, 2016","51.78","51.40","51.94","51.12","249.16K","0.78%"
"Oct 20, 2016","51.38","52.60","52.72","51.17","279.31K","-2.45%"
"Oct 19, 2016","52.67","52.13","53.14","52.09","292.95K","1.92%"
"Oct 18, 2016","51.68","51.72","52.15","51.25","274.17K","0.31%"
"Oct 17, 2016","51.52","51.93","52.29","51.16","247.03K","-0.83%"
"Oct 14, 2016","51.95","52.06","52.55","51.50","248.44K","-0.15%"
"Oct 13, 2016","52.03","51.60","52.15","50.92","310.65K","0.42%"
"Oct 12, 2016","51.81","52.48","52.87","51.61","254.73K","-1.14%"
"Oct 11, 2016","52.41","53.11","53.32","52.12","373.85K","-1.37%"
"Oct 10, 2016","53.14","51.63","53.73","51.30","334.27K","2.33%"
"Oct 07, 2016","51.93","52.72","52.84","51.33","310.02K","-1.10%"
"Oct 06, 2016","52.51","51.76","52.75","51.32","293.87K","1.25%"
"Oct 05, 2016","51.86","51.22","52.09","51.22","302.09K","1.95%"
"Oct 04, 2016","50.87","50.93","51.55","50.34","269.27K","-0.04%"
"Oct 03, 2016","50.89","50.02","51.14","49.74","284.26K","3.73%"
"Sep 30, 2016","49.06","49.18","49.25","48.21","26.94K","-0.37%"
"Sep 29, 2016","49.24","48.87","49.81","47.99","114.83K","1.13%"
"Sep 28, 2016","48.69","46.14","48.96","45.70","188.67K","5.92%"
"Sep 27, 2016","45.97","47.06","47.28","45.63","241.18K","-2.91%"
"Sep 26, 2016","47.35","46.05","47.66","45.74","208.15K","3.18%"
"Sep 23, 2016","45.89","47.42","48.26","45.65","306.86K","-3.69%"
"Sep 22, 2016","47.65","46.99","47.83","46.99","290.33K","1.75%"
"Sep 21, 2016","46.83","46.45","47.14","46.38","249.08K","2.07%"
"Sep 20, 2016","45.88","45.91","46.30","45.09","298.80K","-0.15%"
"Sep 19, 2016","45.95","46.01","46.93","45.85","209.91K","0.39%"
"Sep 16, 2016","45.77","46.31","46.41","45.48","226.32K","-1.76%"
"Sep 15, 2016","46.59","46.06","47.00","45.67","320.72K","1.61%"
"Sep 14, 2016","45.85","47.33","47.48","45.70","332.96K","-2.65%"
"Sep 13, 2016","47.10","48.17","48.22","46.96","280.02K","-2.52%"
"Sep 12, 2016","48.32","47.81","48.63","46.90","258.76K","0.65%"
"Sep 09, 2016","48.01","49.63","49.70","47.76","262.15K","-3.96%"
"Sep 08, 2016","49.99","48.55","50.14","48.21","327.24K","4.19%"
"Sep 07, 2016","47.98","47.20","48.56","46.97","224.23K","1.52%"
"Sep 06, 2016","47.26","47.43","47.99","46.29","215.06K","-0.78%"
"Sep 05, 2016","47.63","46.70","49.40","46.40","287.95K","1.71%"
"Sep 02, 2016","46.83","45.79","47.02","45.41","279.34K","3.04%"
"Sep 01, 2016","45.45","46.98","47.24","45.32","290.04K","-3.38%"
"Aug 31, 2016","47.04","48.29","48.42","46.96","20.61K","-2.75%"
"Aug 30, 2016","48.37","49.25","49.76","48.23","124.52K","-1.81%"
"Aug 29, 2016","49.26","49.54","49.60","48.97","65.67K","-1.32%"
"Aug 26, 2016","49.92","49.66","50.76","49.12","209.62K","0.50%"
"Aug 25, 2016","49.67","49.03","49.78","48.70","217.13K","1.26%"
"Aug 24, 2016","49.05","49.57","49.87","48.68","280.92K","-1.82%"
"Aug 23, 2016","49.96","49.04","50.21","48.48","314.18K","1.63%"
"Aug 22, 2016","49.16","50.70","50.70","49.07","270.37K","-3.38%"